real, imag
0.60000000000000, 0.00000000000000
0.00000000000000, 0.00000000000000
0.00000000000000, 0.00000000000000
0.40000000000000, 0.00000000000000
